{
	"info": {
		"_postman_id": "85cf1e14-db33-4e9a-9afb-d1573a57fc24",
		"name": "User-API",
		"schema": "https://schema.getpostman.com/json/collection/v2.1.0/collection.json",
		"_exporter_id": "2179722"
	},
	"item": [
		{
			"name": "insert user",
			"request": {
				"method": "POST",
				"header": [
					{
						"key": "Content-Type",
						"value": "application/json",
						"type": "text"
					}
				],
				"body": {
					"mode": "raw",
					"raw": "{\n    \"name\":\"gerard2\",\n    \"email\":\"gerarduc2@gmail.com\",\n    \"password\":\"escalab2\",\n    \"phones\": [\n        {\n            \"phoneNumber\": \"123\",\n            \"codCity\": \"2\",\n            \"codCountry\": \"57\"\n        }\n    ]\n}"
				},
				"url": {
					"raw": "http://localhost:8080/users/",
					"protocol": "http",
					"host": [
						"localhost"
					],
					"port": "8080",
					"path": [
						"users",
						""
					]
				}
			},
			"response": []
		},
		{
			"name": "getby-name",
			"request": {
				"method": "GET",
				"header": [],
				"url": {
					"raw": "http://localhost:8080/users/?name=gerard4",
					"protocol": "http",
					"host": [
						"localhost"
					],
					"port": "8080",
					"path": [
						"users",
						""
					],
					"query": [
						{
							"key": "name",
							"value": "gerard4"
						}
					]
				}
			},
			"response": []
		},
		{
			"name": "get user",
			"request": {
				"method": "GET",
				"header": [],
				"url": {
					"raw": "http://localhost:8080/users/5e6b5a81-9f55-428f-94db-d3cfdf7d174c",
					"protocol": "http",
					"host": [
						"localhost"
					],
					"port": "8080",
					"path": [
						"users",
						"5e6b5a81-9f55-428f-94db-d3cfdf7d174c"
					]
				}
			},
			"response": []
		},
		{
			"name": "edit user",
			"request": {
				"method": "PUT",
				"header": [
					{
						"key": "Content-Type",
						"value": "application/json",
						"type": "text"
					}
				],
				"body": {
					"mode": "raw",
					"raw": "{\n    \"userId\": \"3f889a13-1055-4abc-90e0-dbfd05dba989\",\n    \"name\":\"gerard4\",\n    \"email\":\"gerarduc2@gmail.com\",\n    \"password\":\"escalab4\"\n}"
				},
				"url": {
					"raw": "http://localhost:8080/users/?name=gerardp",
					"protocol": "http",
					"host": [
						"localhost"
					],
					"port": "8080",
					"path": [
						"users",
						""
					],
					"query": [
						{
							"key": "name",
							"value": "gerardp"
						}
					]
				}
			},
			"response": []
		},
		{
			"name": "delete user",
			"request": {
				"method": "DELETE",
				"header": [
					{
						"key": "Content-Type",
						"value": "application/json",
						"type": "text"
					}
				],
				"body": {
					"mode": "raw",
					"raw": ""
				},
				"url": {
					"raw": "http://localhost:8080/users/3f889a13-1055-4abc-90e0-dbfd05dba989",
					"protocol": "http",
					"host": [
						"localhost"
					],
					"port": "8080",
					"path": [
						"users",
						"3f889a13-1055-4abc-90e0-dbfd05dba989"
					]
				}
			},
			"response": []
		},
		{
			"name": "get users",
			"request": {
				"method": "GET",
				"header": [],
				"url": {
					"raw": "http://localhost:8080/users/?name=gerardp",
					"protocol": "http",
					"host": [
						"localhost"
					],
					"port": "8080",
					"path": [
						"users",
						""
					],
					"query": [
						{
							"key": "name",
							"value": "gerardp"
						}
					]
				}
			},
			"response": []
		}
	]
}